Method,IM100K,IM100K,IM100K,IM100K,Yelp,Yelp,Yelp,Yelp
Method,Prec1,Prec5,Prec10,MRR,Prec1,Prec5,Prec10,MRR
Popularity,0.0731,0.0513,0.0489,0.1923,0.00747,0.00825,0.0078,0.0228
Co-Click,0.0668,0.0558,0.0538,0.2041,0.0147,0.0126,0.01132,0.0371
NMF,0.2064,0.1661,0.1491,0.4938,0.0162,0.0131,0.011,0.0382
Hybrid-SVM,0.2087,0.1441,0.1241,0.4493,0.0122,0.0121,0.011,0.0337
HeteRec-g,0.2094,0.1791,0.1614,0.5249,0.0165,0.0144,0.0129,0.0422
HeteRec-p,0.2121,0.1932,0.1681,0.553,0.0213,0.0171,0.015,0.0513
Table 3: Performance Comparison ,,,,,,,,